{"cameraMode":{"drawMode":0,"name":"Shaded","section":"Shading Mode"},"sceneLighting":true,"audioPlay":false,"sceneViewState":{"m_AlwaysRefresh":false,"showFog":true,"showSkybox":true,"showFlares":true,"showImageEffects":true,"showParticleSystems":true,"showVisualEffectGraphs":true,"m_FxEnabled":true},"in2DMode":false,"pivot":{"x":508.7438049316406,"y":71.34952545166016,"z":227.28599548339845},"rotation":{"x":-0.18138599395751954,"y":-0.0035341517068445684,"z":0.0006407330511137843,"w":-0.9833886623382568},"size":5.358386039733887,"orthographic":false}