{"cameraMode":{"drawMode":0,"name":"Shaded","section":"Shading Mode"},"sceneLighting":true,"audioPlay":false,"sceneViewState":{"m_AlwaysRefresh":false,"showFog":true,"showSkybox":true,"showFlares":true,"showImageEffects":true,"showParticleSystems":true,"showVisualEffectGraphs":true,"m_FxEnabled":true},"in2DMode":false,"pivot":{"x":730.3461303710938,"y":402.0751037597656,"z":32.6160888671875},"rotation":{"x":0.017998967319726945,"y":0.0014997341204434634,"z":-0.000027040889108320698,"w":0.9998320937156677},"size":379.9884033203125,"orthographic":false}