{"cameraMode":{"drawMode":2,"name":"Shaded Wireframe","section":"Shading Mode"},"sceneLighting":true,"audioPlay":false,"sceneViewState":{"m_AlwaysRefresh":false,"showFog":true,"showSkybox":true,"showFlares":true,"showImageEffects":true,"showParticleSystems":true,"showVisualEffectGraphs":true,"m_FxEnabled":true},"in2DMode":false,"pivot":{"x":0.5889962315559387,"y":5.461634635925293,"z":-9.365676879882813},"rotation":{"x":-0.024902435019612314,"y":-0.012225201353430748,"z":0.0010884397197514773,"w":-1.0000333786010743},"size":12.12435531616211,"orthographic":false}