{"cameraMode":{"drawMode":0,"name":"Shaded","section":"Shading Mode"},"sceneLighting":false,"audioPlay":false,"sceneViewState":{"m_AlwaysRefresh":false,"showFog":true,"showSkybox":false,"showFlares":true,"showImageEffects":true,"showParticleSystems":true,"showVisualEffectGraphs":true,"m_FxEnabled":true},"in2DMode":false,"pivot":{"x":1.1568267345428467,"y":1.6267454624176026,"z":-8.198188781738282},"rotation":{"x":0.11013852059841156,"y":-0.024467002600431443,"z":0.0027526821941137316,"w":0.9935917258262634},"size":0.000017320508050033823,"orthographic":false}